Domanda,Risposta A,Risposta B,Risposta C,Argomento,Sottoargomento,Corretta
"In Lombardia un comune sorge isolato in territorio  svizzero, si tratta di:",a) Campione d'Italia,b) Castiglione Olona,c) Lavena-Ponte Tresa,1,1,a
Mantova è bagnata dal fiume:,a) Mincio,b) Serio,c) Bozzente,1,1,a
In quale di queste tre province si trova Bellagio:,a) Varese,b) Sondrio,c) Como,1,1,c
La cittadina di Bosisio Parini si affaccia su un  piccolo lago:,a) il lago di Idro,b) il lago di Lecco,c) il lago di Pusiano,1,1,c
Calolziocorte si trova in provincia di:,a) Bergamo,b) Lodi,c) Lecco,1,1,c
La Lomellina è una zona della provincia di:,a) Pavia,b) Milano,c) Lecco,1,1,a
Quale città della Lombardia è bagnata dal fiume  Ticino:,a) Varese,b) Mantova,c) Pavia,1,1,c
"Una di queste province non si affaccia sul lago  d'Iseo, quale ?",a) Brescia,b) Cremona,c) Bergamo,1,1,b
Il capoluogo di provincia più meridionale della  Lombardia è:,a) Como,b) Cremona,c) Pavia,1,1,b
Il fiume Brembo è affluente del fiume,a) Po,b) Mincio,c) Adda,1,1,c
Il fiume Oglio attraversa,a) Ponte di Legno,b) Ponte Chiasso,c) Seriate,1,1,a
Il fiume Mincio è emissario del,a) lago di Como,b) lago di Garda,c) lago Maggiore,1,1,b
Qual è il Passo più alto della Lombardia:,a) Passo Gavia,b) Passo di Croce Domini,c) Passo dello Stelvio,1,1,c
La provincia di Mantova confina con:,a) il Trentino Alto Adige,b) l'Emilia Romagna,c) il Piemonte,1,1,b
Il Lario è il nome di quale lago:,a) il lago di Como,b) il lago d'Iseo,c) il lago Maggiore,1,1,a
Non è una frazione del Comune di Vigevano,a) Sforzesca,b) Piccolini,c) Viscontea,1,2,c
Il Passo del Tonale si trova nella provincia di:,a) Varese,b) Lecco,c) Brescia,1,1,c
La città principale dell'Oltrepò Pavese è:,a) Suzzara,b) Chiavenna,c) Voghera,1,1,c
Tra il lago di Como e quello di Lugano si estende:,a) la Val d'Intelvi,b) la Valsassina,c) la Val di Scalve,1,1,a
In quali di questi Comuni è ubicato il Castello di  San Gaudenzio?,a) Silvano Pietra,b) Cervesina,c) Belgioioso,1,1,b
Castellanza è situata tra :,a) Legnano e Busto Arsizio,b) Gallarate e Busto Arsizio,c) Desio e Seregno,1,1,a
In quale provincia si trova il Passo del Brallo?,a) Lecco,b) Sondrio,c) Pavia,1,1,c
Quale dei seguenti fiumi interessa la provincia di  Varese?,a) Ticino,b) Brembo,c) Agogna,1,1,a
Il capoluogo di provincia più settentrionale è:,a) Sondrio,b) Lecco,c) Pavia,1,1,a
La Grigna è:,a) una montagna delle  Prealpi,b) una località della Val  Brembana,c) una collina dell'Oltrepò,1,1,a
A quale di queste province appartiene la Val di  Scalve?,a) Como,b) Bergamo,c) Pavia,1,1,b
Monteisola è:,a) una località turistica  vicina a Livigno,b) un'isola del lago d'Iseo,c) una collina nei pressi del  lago d'Endine,1,1,b
Quale di queste località si affaccia sul lago  Maggiore?,a) Laveno,b) Bellagio,c) Paratico,1,1,a
La provincia di Pavia confina :,a) con il Veneto,b) con l'Emilia Romagna,c) con la Svizzera,1,1,b
Il Po attraversa la provincia di:,a) Pavia,b) Bergamo,c) Varese,1,1,a
Il Lario è:,a) un fiume,b) un lago,c) un monte,1,1,b
Quale di questi passi si trova in Lombardia:,a) Falzarego,b) Sempione,c) Gavia,1,1,c
Quale di queste regioni non si affaccia sul lago di  Garda?,a) il Trentino-Alto Adige,b) il Friuli Venezia-Giulia,c) il Veneto,1,1,b
In quale di queste tre province si trova  Sabbioneta?,a) Lodi,b) Cremona,c) Mantova,1,1,c
Quale fiume forma il lago d'Iseo?,a) l'Oglio,b) il Brembo,c) il Serio,1,1,a
La Valceresio interessa il territorio della provincia  di:,a) Como,b) Varese,c) Sondrio,1,1,b
Come è denominata la zona dell'entroterra del  lago di Garda verso Mantova?,a) Colli Euganei,b) Colli Morenici o Colli  Storici,c) Col di Lana,1,1,b
Quale di questi fiumi sfocia direttamente nel Po?,a) Brembo,b) Olona,c) Serio,1,1,b
Garegnano è:,a) una Certosa di Milano,b) una famosa località  turistica sul lago di Garda,c) un fiume della Val  Trebbia,1,2,a
Sirmione è una località turistica del:,a) lago di Garda,b) lago d'Iseo,c) lago di Ledro,1,2,a
La Certosa di Chiaravalle si trova nel comune di:,a) Milano,b) Assago,c) Rozzano,1,2,a
Piazza della Loggia in quale città della Lombardia  si trova:,a) Brescia,b) Varese,c) Como,1,2,a
Quale di questi tre importanti monumenti si trova  in Milano:,a) la Cappella Colleoni,b) il Cenacolo di Leonardo  daVinci,c) il Palazzo Te,1,2,b
Quale di queste località non è servita dalle F.S.?,a) Varese,b) Laveno Mombello,c) Saronno,1,2,c
Quale di queste città è stata riconosciuta  capoluogo di provincia nel 1993:,a) Crema,b) Lodi,c) Monza,1,2,b
"Quale di queste tre città è famosa per il  ""Torrazzo""?",a) Cremona,b) Mantova,c) Bergamo,1,2,a
Quale di questi tre importanti monumenti si trova a  Bergamo?,a) il Cenacolo di Leonardo  da Vinci,b) la Cappella Colleoni,c) il Palazzo Te,1,2,b
"Cos'è il ""Vittoriale degli Italiani""?",a) il complesso degli edifici  e giardini dimora di Gabriele  d'Annunzio a Gardone  Riviera,b) la casa di riposo voluta da  Giuseppe Verdi a Milano,c) la torre eretta a S.  Martino della Battaglia a  ricordo della vittoria  piemontese nella seconda  guerra d'indipendenza,1,2,a
Qual è la produzione caratteristica dell'industria  della Valtrompia?,a) strumenti musicali,b) armi,c) manufatti di sughero,1,2,b
Quale dei seguenti Comuni è zona extradoganale  (zona franca)?,a) Aprica,b) Livigno,c) Erba,1,2,b
Quale strada bisogna percorrere per andare da  Pavia a Sannazzaro dè Burgondi?,a) SS. Padana Inferiore,b) SS.596 e poi imboccare la  SP.193 bis,c) SS. dei Cairoli,1,2,b
Quale di questi laghi non ha un servizio pubblico di  navigazione di linea:,a) il lago di Lugano,b) il lago di Varese,c) il lago d'Iseo,1,2,b
Quante sono le province della Lombardia?,a) 9,b) 11,c) 12,1,2,b
Legnano si trova:,"a) sulla SS ""Sempione"" n.  33","b) sulla SS ""Paullese"" n. 415","c) sulla SS n. 10 ""Padana  inferiore""",1,3,a
L'autostrada A4 Torino-Trieste attraversa tre  province lombarde nell'ordine:,"a) Milano, Lodi, Brescia","b) Milano, Bergamo, Brescia","c) Milano, Bergamo,  Mantova",1,3,b
La SS 470 attraversa :,a) la val di Scalve,b) la val Seriana,c) la val Brembana,1,3,c
Quale strada statale collega Pavia a Lodi,"a) la SS n. 234  ""Codognese""","b) la SS n. 235 ""di Orzinuovi""","c) la SS n. 35 ""dei Giovi""",1,3,b
La A 22 del Brennero attraversa unicamente una  provincia lombarda:,a) la provincia di Mantova,b) la provincia di Brescia,c) la provincia di Cremona,1,3,a
La A 21 da Cremona  raggiunge un altro  capoluogo di provincia lombarda:,a) Bergamo,b) Mantova,c) Brescia,1,3,c
La SS n. 38 attraversa un capoluogo di provincia  della Lombardia:,a) Varese,b) Bergamo,c) Sondrio,1,3,c
La SS N. 583 quale lago costeggia:,a) il lago Maggiore,b) il lago d'Iseo,c) il lago di Como,1,3,c
La SS N. 10 è denominata:,a) Padana inferiore,b) Padana superiore,c) della Lomellina,1,3,a
"La SS N. 36 ""del lago di Como e dello Spluga""  attraversa :",a) Lecco,b) Lumezzane,c) Livigno,1,3,a
"La SS N. 402 ""Valeriana"" interessa principalmente  la provincia di :",a) Mantova,b) Bergamo,c) Sondrio,1,3,c
"Quale di queste province non è attraversata dalla  A21 ""Brescia-Piacenza-Alessandria ?",a) Cremona,b) Lodi,c) Pavia,1,3,b
Quale di queste località non è servita dalle F.S.,a) Varese,b) Erba,c) Laveno  Mombello,1,3,b
Qual è la distanza tra Milano e Mantova:,a) meno di 100 Km,b) più di140 Km,C) più di 180 Km,1,3,b
Quanto è lunga la tangenziale ovest di Milano:,a) più di 50 km,b) meno di 30 km,c) da 30 a 35 km,1,3,c
Da Milano all'aeroporto intercontinentale della  Malpensa la distanza è:,a) Km. 17 circa,b) km. 50 circa,c) Km. 83 circa,1,3,b
Dove inizia la strada del Sempione?,a) all'arco della Pace a  Milano,b) all'uscita di Novara  dell'autostrada Milano-Torino,c) dopo l'abitato di Lecco in  direzione della Valtellina,1,3,a
Quale strada statale attraversa l'abitato di  Montichiari:,a) la S.S. N. 236 Goitese,b) la S.S. N.415 Paullese,c) la S.S. N. 45 bis  Gardesana occidentale,1,3,a
"Quale di queste strade statali è denominata ""Lago  di Como e dello Spluga""?",a) S.S. N. 412,b) S.S. N. 36,c) S.S. N. 33,1,3,b
A quale progressiva chilometrica la tangenziale  ovest di Milano incrocia la A7 Milano-Genova:,"a) al Km. 2,5",b) al Km. 20,"c) al Km. 31,5",1,3,b
Qual è la denominazione/destinazione della  autostrada A8:,a) Milano-Genova,b)  Milano Varese  (autostrada dei Laghi),c) Lainate Como Chiasso  (autostrada dei Laghi),1,3,b
L'aeroporto di Malpensa si trova:,a) a ovest di Milano,b) a nord di Varese,c) a est di Bergamo,1,3,a
Quante sono le linee metropolitane in esercizio a  Milano?,a) 3,b) 5,c) 4,1,3,a
Quanto è lunga la Tangenziale ovest di Milano?,a) da 30 a 40 km,b) meno di 15 km,c) più di 50 km,1,3,a
Il territorio della Lombardia è attraversato  dall'autostrada del Sole nella provincia di:,a) Lodi,b) Como,c) Mantova,1,3,a
Una di queste località termali non è in Lombardia,a)  Boario Terme,b)  Bognanco Terme,c)  Salice Terme,1,1,b
Il Passo dello Spluga collega,a)  la regione Svizzera dei  Grigioni con la Valchiavenna,b)  la Valtellina con il  Trentino-Alto Adige,c)  la provincia di Brescia  con il Trentino-Alto Adige,1,1,a
Il lago di Annone si trova,a)  in Brianza,b)  nell'Oltrepò Pavese,c)  nell'alto mantovano,1,1,a
Uno di questi fiumi non è un confine naturale della  Lombardia,a)  il Ticino,b)  il Po,c)  l'Adda,1,1,c
Non è un fiume di Milano,a)  Olona,b)  Lambro,c)  Naviglio di Pavia,1,1,c
La Regione Lombardia è,a)  una Regione autonoma  a statuto speciale,b)  una Regione a statuto  ordinario,c)  una confederazione di  Province,1,2,b
Non è un monumento di Vigevano,a)  Broletto,b)  Piazza Ducale,c) Castello Sforzesco,1,2,a
"Dove si trova il ""Parco Nazionale delle incisioni  rupestri"" ove è presente quale elemento ricorrente  la ""rosa camuna"" adottata come simbolo dalla  Regione Lombardia",a)  a Ponte di Legno,b)  nel Parco dell'Oglio nord  nei pressi di Ponte Oglio,c)  a Capo di Ponte in  Valcamonica,1,2,c
"In quale località si trova il parco di costruzioni in  miniatura denominato ""Minitalia""",a)  sulla tangenziale ovest di  Milano all'altezza di Assago,b)  all'uscita del casello  autostradale di Fino  Mornasco sulla autostrada   A9,c)  nei pressi di Capriate  San Gervasio sulla A4,1,2,c
Dove si trova un celebre Castello di San Giorgio e  un Palazzo Ducale già residenza dei Gonzaga,a)  Cremona,b)  Mantova,c)  Pavia,1,2,b
Non fa parte del territorio di Varese e dintorni,a)  il Sacro Monte,b)  il Pian dei Resinelli,c) il Campo dei Fiori,1,2,b
Una di queste strade statali non interessa il  territorio di Busto Arsizio,"a)  SS n. 33 ""del Sempione""","b)  SS n. 527 ""Bustese""","c)  SS n. 233 ""Varesina""",1,3,c
Interessa il territorio del comune di Mantova,a)  l'autostrada  A22 del  Brennero,b)  il fiume Po,c)  la linea ferroviaria  Brescia-Cremona,1,3,a
La distanza chilometrica tra Pavia e Varzi è,a)  Km. 76,b)  Km. 65,c)  Km. 83,1,3,b
Quale linea ferroviaria passa da Treviglio,a)  Milano-Brescia-Venezia,b)  Milano-Monza-Bergamo,c)  Milano-Lodi-Piacenza- Bologna,1,3,a
Quale autostrada transita dal territorio del comune  di Legnano,a)  A8 Milano-Varese-Sesto  Calende,b)  A9 Milano-Como-Chiasso,c)  A4 Milano-Torino,1,3,a
Non interessa il territorio di Sondrio,"a)  la SS n. 33 ""del  Sempione""",b)  la linea ferroviaria  Lecco- Colico-Tirano,c)  il fiume Adda,1,3,a
Quale fiume attraversa la SS. 617?,a) fiume Adda,b) fiume Lambro,c) fiume Po,1,1,c
La più popolosa città della provincia di Milano  escluso il capoluogo:,a) Sesto San Giovanni,b) Monza,c) Cinisello Balsamo,1,1,b
"Il fiume Mincio forma in prossimità di un capoluogo  di provincia della Lombardia, tre laghi, detti ""di  mezzo"", ""inferiore"" e ""superiore"". Qual è questa  città?",a) Cremona,b) Pavia,c) Mantova,1,1,c
L'aeroporto bergamasco di Orio al Serio rispetto al  capoluogo di provincia dov'è situato?,a) nord,b) sud,c) è all'interno della stessa  città di Bergamo,1,1,b
Le sorgenti del fiume Adda in quale provincia della  Lombardia si trovano:,a) Sondrio,b) Lecco,c) Varese,1,1,a
"Sotto il Monte, città natale di Papa Giovanni XXIII  si trova in provincia di:",a) Brescia,b) Bergamo,c) Lecco,1,1,b
"Il lago di Garda appartiene territorialmente, oltre  che alla Lombardia e al Veneto, ad un'altra  regione italiana:",a) il Friuli Venezia Giulia,b) l'Emilia Romagna,c) il Trentino Alto Adige,1,1,c
Quale capoluogo di provincia lombardo è il più  vicino al confine di Stato:,a) Como,b) Varese,c) Sondrio,1,1,a
"Salò, nota a tutti per vicende legate alla II° guerra  mondiale, su quale lago lombardo si affaccia:",a) lago di Garda,b) lago di Como,c) lago d'Iseo,1,2,a
Tra i più importanti monumenti della Lombardia vi  è:,a) la Certosa di Como,b) la Certosa di Brescia,c) la Certosa di Pavia,1,2,c
Bellagio è una località turistica:,a) del lago di Como,b) della bassa Brianza,c) della Val Sabbia,1,2,a
E' sede di un'antica Università e di un celebre  castello Visconteo:,a) Vigevano,b) Mantova,c) Pavia,1,2,c
Una di queste università non ha sede a Milano:,a) Ca' Foscari,b) l'Università del Sacro  Cuore,c) l'Università degli Studi,1,2,a
Quale di queste città ha un porto fluviale:,a) Como,b) Cremona,c) Varese,1,2,b
"Cittadina in provincia di Brescia, nota oltre che per  la più grande villa romana dell'Italia settentrionale  anche per le grotte di Catullo:",a) Sirmione,b) Desenzano del Garda,c) Gardone Riviera,1,2,a
"E' nota, oltre che per la sua stupenda piazza su cui  si affacciano il Duomo ed un castello antico, anche  quale importante centro calzaturiero della  Lombardia:",a) Varese,b) Lodi,c) Vigevano,1,2,c
"Il patrocinio dei Gonzaga, l'opera, tra gli altri del  Mantegna e di Giulio Romano, hanno reso questo  capoluogo di provincia uno stupendo centro  turistico/culturale:",a) Pavia,b) Mantova,c) Lecco,1,2,b
Quale zona della Lombardia è nota per essere  fiorente produttrice di mobili ?,a) la Brianza,b) la Lomellina,c) la Val Trompia,1,2,a
"Quale linea della metropolitana milanese collega  tra loro le stazioni FS di Garibaldi, Centrale,  Lambrate e la stazione F.N.M. di Cadorna ?",a) la linea rossa,b) la linea verde,c) la linea gialla,1,3,b
"E' stazione della metropolitana milanese, di  corrispondenza con le autolinee extraurbane della  zona dell'Adda:",a) Molino Dorino,b) San Donato Milanese,c) Gessate,1,3,c
A quale progressiva chilometrica la tangenziale  ovest di Milano incrocia il raccordo con la A1  Milano - Bologna e la tangenziale Est:,"a) al Km. 31,5","b) al Km. 18,5","c) al Km. 25,5",1,3,a
Quale di queste è una circonvallazione di Milano ?,a) raccordo anulare dei  parchi,b) circolo interstazionale,c) cerchia dei navigli,1,3,c
"La SS N. 237 ""del Caffaro"", quale provincia  attraversa?",a) Brescia,b) Mantova,c) Varese,1,3,a
"La SS N. 342 ""Briantea"" attraversa l'abitato di:",a) Chiavenna,b) Pontida,c) Castiglione delle Stiviere,1,3,b
"La SS N. 596 dir. ""dei Cairoli"" interessa la  provincia di:",a) Varese,b) Sondrio,c) Pavia,1,3,c
"La SS N. 527 ""Bustese"" collega Monza con  un'importante cittadina della provincia di Varese:",a) Malnate,b) Busto Arsizio,c) Gallarate,1,3,b
"La SS N. 234 ""Codognese"" attraversa tre province  lombarde:","a) Bergamo, Brescia e  Mantova","b) Lodi, Milano e Varese","c) Pavia, Lodi e Cremona",1,3,c
"Como è attraversata, tra le altre, dalla seguente  statale:","a) la SS N. 33 ""del  Sempione""","b) la SS N. 36 ""del lago di  Como e dello Spluga""","c) la SS N. 35 ""dei Giovi""",1,3,c
La cittadina di Codogno è raggiunta dalla seguente  statale:,"a) la SS N. 591 ""Cremasca""","b) la SS N. 36 ""del lago di  Como e dello Spluga""","c) la SS N. 472 ""Bergamina""",1,3,a
E' un comune della provincia di Lodi:,a) Paullo,b) Codogno,c) Locate Triulzi,1,1,b
E' un comune della provincia di Lecco:,a) Valmadrera,b) Dorno,c) Dongo,1,1,a
Uno di questi laghi non è in Lombardia :,a) Alserio,b) Annone,c) Viverone,1,1,c
La statua della Minerva si trova nel Comune di,a) Pavia,b) Garlasco,c) Voghera,1,1,a
Pavia dista da Voghera,a) Km. 45,b) Km. 31,c) Km. 25,1,1,b
Pavia dista da Stradella,a) Km. 30,b) Km. 35,c) Km. 20,1,1,c
Pavia dista da Vigevano,a) Km. 37,b) Km. 50,c) Km. 25,1,1,a
Quale di queste strade statali collega Pavia a  Casteggio?,a) SS.461,b) SS.35,c) SS.211,1,1,b
"Vi sono nella nostra regione due province che non  hanno confini esterni, sono attorniate, infatti,  da  altre province lombarde. Quali sono?",a) Bergamo e Lecco,b) Varese e Milano,c) Como e Mantova,1,1,a
La stazione ferroviaria di Milano-Rogoredo è  servita da una linea della metropolitana milanese.  Qual è?,a) la linea due (verde),b) la linea  uno (rossa),c) la linea tre (gialla),1,3,c
"L'aeroporto milanese di Linate è da considerarsi  rispetto al centro della città, a...",a) nord,b) est,c) ovest,1,3,b
"Dove si trova VILLA OLMO, sede di un importante  centro di congressi ?",a) sul lago di Garda,b) sul lago di Como,c) sul lago di Pusiano,1,1,b
Il passo del Tonale collega :,a) la provincia di Cremona  con l'Emilia-Romagna,b) la provincia di Brescia con  il Trentino Alto Adige,c) la Svizzera con la  provincia di Sondrio,1,1,b
"Castiglione Olona, denominata ""isola di Toscana  in Lombardia"", si trova:",a) in provincia di Milano,b) in provincia di Pavia,c) in provincia di Varese,1,1,c
"Non è considerata una ""stazione sciistica"":",a) Madesimo,b) Varzi,c) Monte Penice,1,1,b
E' il lago lombardo più profondo,a) lago di Garda,b) lago di Como,c) lago d'Idro,1,1,b
La città di Vigevano non è direttamente collegata  su rotaia con il Comune di,a) Milano,b) Pavia,c) Mortara,1,1,b
Interessa il territorio di due province della  Lombardia,a) il lago di Lugano,b) il lago di Garda,c) il lago d'Idro,1,1,a
Quale corso d'acqua attraversa la città di Sondrio  ?,a) Il Mallero,b) Il Ticino,c) L'Oglio,1,1,a
Quale di questi comuni NON è in provincia di  Pavia ?,a) Stradella,b) Tortona,c) Mortara,1,1,b
"La val Veddasca, la val Tresa, la Valcuvia e  Valganna si trovano :",a) In provincia di Sondrio,b) In provincia di Brescia,c) In provincia di Varese,1,1,c
E' la patria di Donizzetti e di Colleoni. Si trova allo  sbocco della val Seriana e della val Brembana. Di  quale città si tratta ?,a) Brescia,b) Cremona,c) Bergamo,1,2,c
"Il ""cenacolo"" di Leonardo da Vinci, capolavoro  rinascimentale, si trova a Milano. In quale di questi  luoghi ?",a) Nella pinacoteca di Brera,b) Nella chiesa di Santa  Maria delle Grazie,c) Nel castello sforzesco,1,2,b
"Fu istituito nel 1935, è in massima parte nel  territorio di un'altra regione, si trova nelle alpi  centrali nell'alta Valtellina. Di quale parco  nazionale si tratta?",a) Il parco nazionale del  Delta Padano,b) Il parco nazionale del  Gran Paradiso,c) il parco Nazionale dello  Stelvio,1,2,c
"E' collegata al capoluogo di regione, oltre che dalle  ferrovie dello stato, anche dalle ferrovie Nord  Milano. Trattasi di :",a) Lecco,b) Como,c) Lodi,1,3,b
La strada statale n° 412 della val Tidone interessa  la provincia di :,a) Pavia,b) Varese,c) Sondrio,1,3,a
San Pellegrino terme è attraversata da una  statale. Trattasi della ....,"a) Strada statale n° 472  ""Bergamina""","b) Strada statale n° 470  ""della val Brembana""","c) Strada statale n° 342  ""Briantea""",1,3,b
Collega Magenta ad Abbiategrasso e si innesta  nella strada statale n° 35 a Pavia. Stiamo parlando  della ...,"a) Strada statale n° 526  ""dell'est Ticino""","b) Strada statale n° 494  ""Vigevanese""","c) Strada statale n° 236  ""Goitese""",1,3,a
"Ai sensi dell'art. 2 della Legge 15 gennaio 1992 n.  21, il servizio taxi è rivolto ad una utenza di tipo:",a) collettiva differenziata,b) indifferenziata individuale  o di piccoli gruppi di persone,c) individuale differenziata,2,1,b
"Ai sensi dell'art. 3 della Legge 15 gennaio 1992 n.  21, lo stazionamento dei mezzi, nel servizio di  noleggio con conducente, avviene:",a) in appositi parcheggi  individuati dai comuni,b) sulla pubblica piazza,c) all'interno delle rimesse o  presso i pontili di attracco,2,1,c
La competenza in materia di trasporto mediante  autoservizi pubblici non di linea è affidata ai sensi  dell'art. 4 della Legge 15 gennaio 1992 n. 21:,a) alla Questura  territorialmente competente,b) alle Regioni e agli enti  locali delegati,c) all'Ufficio Territoriale del  Dipartimento Trasporti  Terrestri,2,1,b
Ai sensi dell'art. 6 della Legge 15 gennaio 1992 n.  21 il ruolo dei conducenti di veicoli o natanti adibiti  ad autoservizi pubblici non di linea è istituito  presso:,a) le Province,"b) le Camere di Commercio,  Industria, Artigianato e  Agricoltura",c) le Regioni,2,1,b
"Ai sensi dell'art. 12 della Legge 15 gennaio 1992  n. 21, in quale modo l'utente è portato a  conoscenza dell'esistenza di eventuali supplementi  tariffari per il servizio taxi?",a) mediante comunicazione  verbale da parte del tassista  alla fine della corsa,b) mediante avvisi posti in  luoghi pubblici,c) mediante avviso  chiaramente leggibile posto  sul cruscotto  dell'autovettura,2,1,c
"Ai sensi dell'art. 13 della Legge 15 gennaio 1992  n. 21, nel servizio taxi, la tariffa per il servizio  urbano calcolata con tassametro è:",a) a base multipla,b) a progressione  chilometrica,c) a tempo di percorrenza,2,1,a
"I titolari di licenza di taxi possono essere sostituiti  temporaneamente per l'esercizio del servizio, da  persone iscritte al ruolo di cui all'art. 6 della Legge  15 gennaio 1992 n. 21:",a) per un periodo di ferie  non superiore a giorni trenta  annui,b) per incarichi in società di  capitale,c) per il periodo necessario  ad acquisire un diploma di  laurea,2,1,a
"In base alla Legge 15 gennaio 1992 n. 21, a  partire dal 1 gennaio 1992 i veicoli di nuova  immatricolazione adibiti ai servizi di noleggio con  conducente o al servizio taxi devono essere  muniti:",a) di estintore  nell'eventualità di un  incendio a bordo,b) di telefono cellulare a  servizio dell'utenza,c) di marmitta catalitica o di  altri dispositivi atti a ridurre i  carichi inquinanti,2,1,c
Il rilascio della licenza per l'esercizio del servizio  taxi e dell'autorizzazione per l'esercizio del servizio  noleggio con conducente è subordinata:,a) all'iscrizione al ruolo dei  conducenti di cui all'art. 25  della Legge Regionale 4  aprile 2012 n. 6,b) al possesso  dell'abilitazione alla guida di  autobus di noleggio con  conducente,c) al possesso del titolo per  espletare l'attività di  responsabile di agenzia  turistica,2,1,a
"Ai sensi della Legge 15 gennaio 1992 n. 21, è  titolo preferenziale agli effetti del rilascio delle  licenze e delle autorizzazioni l'avere esercitato il  servizio taxi in qualità di sostituto alla guida del  titolare della licenza:",a) per un periodo di tre mesi  consecutivi,b) per un periodo di tempo  complessivo di almeno sei  mesi,c) per il periodo di tempo  necessario a soddisfare  l'obbligo del servizio militare,2,1,b
"Chi detta norme ai sensi dell'art. 14 della Legge 15  gennaio 1992 n. 21, per stabilire il numero e il tipo  di veicoli già esistenti da attrezzare anche al  trasporto di soggetti portatori di handicap di  particolare gravità?",a) le ASL competenti  territorialmente,b) i Comuni nell'ambito dei  regolamenti,c) il Settore Assistenza della  Regione Lombardia,2,1,b
Ai sensi dell'art. 14 della Legge 15 gennaio 1992  n. 21 è consentito che le autovetture di noleggio  con conducente siano utilizzate anche per  l'esercizio taxi?,a) nei servizi aeroportuali,b) nei Comuni di minor  dimensione,c) nelle zone di intensa  conurbazione di cui all'art. 8  della Legge Regionale 15  aprile 1995 n. 20,2,1,b
Costituiscono autoservizi pubblici non di linea ai  sensi della Legge 15 gennaio 1992 n.21:,"a) il servizio di taxi con  autovettura,  motocarrozzetta, natante e  veicoli con trazione animale",b) tutti i servizi non di linea  posti in essere dai privati,c) tutti i servizi non di linea  finanziati da enti locali,2,1,a
Con quale modalità si rilasciano Licenza taxi e  autorizzazione di noleggio con conducente?,a) atto pubblico avanti a  notaio,b) bando di concorso  pubblico comunale,c) esame presso il  Dipartimento Trasporti  Terrestri,2,1,b
Per il servizio di noleggio con natanti è obbligatorio  lo stazionamento presso pontili?,a) si,b) solo ove esistano i pontili  della navigazione interna sui  laghi,c) solo per i servizi che  interessano i fiumi,2,1,a
"A chi è affidata, ai sensi dell'art. 4 della Legge 15  gennaio 1992 n. 21, la competenza in materia di  trasporto mediante autoservizi pubblici non di  linea:",a) alle Regioni,b) alla Prefettura  territorialmente competente,c) alla Questura del  capoluogo di provincia,2,1,a
In quale caso non sussiste la decadenza della  licenza di esercizio del servizio di taxi?,a) in caso di cancellazione  del titolare di impresa da  registri o albi,b) in caso di regolare  sostituzione alla guida per  comprovati motivi,c) in caso di cessazione o  fallimento dell'impresa  artigiana del titolare,2,1,b
Secondo la Legge 15 gennaio 1992 n. 21 è  ammesso il cumulo di più licenze per l'esercizio  del servizio di taxi ovvero il cumulo della licenza   per l'esercizio del servizio taxi e dell'autorizzazione  per l'esercizio del servizio di noleggio con  conducente nel caso gli stessi siano esercitati con  autovettura?,a) si,b) no,"c) si, previa autorizzazione  rilasciata dal Presidente  della Giunta Regionale",2,1,b
Il titolare di autorizzazione di noleggio con  conducente autovettura può acquisire una licenza  di taxi con autovettura?,a) mai,"b) si, previa restituzione al  Comune dell'autorizzazione  di noleggio","c) si, dopo un anno dal  trasferimento  dell'autorizzazione di  noleggio",2,1,b
"I titolari di licenza per l'esercizio del servizio taxi  possono essere sostituiti temporaneamente da  persone iscritte nel ruolo di cui all'art. 6 Legge 15  gennaio 1992 n.21 , nel caso di chiamata alle  armi:",a) si,b) no,c) solo in caso di chiamata  per ferma prolungata,2,1,a
Sono esonerate dall'obbligo del tassametro le  autovetture adibite al servizio di taxi:,a) nei comuni inferiori ai  5.000 abitanti,b) nei comuni di minori  dimensioni,"c) mai, in nessun caso",2,1,b
"Le autovetture adibite al servizio di noleggio con  conducente portano un contrassegno con la scritta  ""noleggio"":",a) all'interno del parabrezza  anteriore e sul lunotto  posteriore,b) solo sul lunotto posteriore,c) sulla parte inferiore delle  portiere anteriori,2,1,a
"Il rapporto di lavoro del sostituto alla guida del taxi  è regolato con un contratto di lavoro a tempo  determinato. A tal fine l'assunzione del sostituto  alla guida è equiparata a quella effettuata per  sostituire lavoratori assenti, per i quali sussista il  diritto alla conservazione del posto, e ciò in base:","a) alla legge 18 aprile 1962  n. 230 art. 1, comma 2,  lettera h",b) al contratto collettivo  nazionale dei lavoratori del  comparto del trasporto  pubblico,c) ad un contratto di  gestione per un termine non  superiore ai 12 mesi,2,1,a
Gli eredi minori del titolare di licenza possono farsi  sostituire alla guida per l'esercizio del servizio taxi   da persone iscritte nel ruolo di cui all'art. 6 della  Legge 15 gennaio 1992 n. 21 ed in possesso dei  requisiti prescritti:,a) solo per un tempo  massimo di due anni,"b) solo, fino al  conseguimento della  prescritta licenza taxi",c) fino al raggiungimento  della maggiore età,2,1,c
"Chi stabilisce la tipologia della scritta in nero  ""servizio pubblico"" che ogni vettura adibita al  servizio taxi deve possedere?",a) l'ufficio comunale  competente,b) l'ufficio regionale  competente,"c) l'ufficio apposito della  camera di  commercio,.industria,  artigianato e agricoltura  della provincia  d'appartenenza",2,1,a
Gli autoservizi pubblici non di linea sono quelli che:,a) provvedono al solo  trasporto individuale di  persone,b) provvedono al solo  servizio collettivo di persone,c) provvedono sia al  trasporto individuale che  collettivo di persone,2,1,c
"Quale funzione svolgono gli autoservizi pubblici  non di linea rispetto ai trasporti pubblici di linea  ferroviari, automobilistici, marittimi, lacuali ed  aerei?",a) nessuna funzione,b) funzione complementare  e integrativa,c) funzione sostitutiva,2,1,b
Quale di queste caratteristiche riguardano gli  autoservizi pubblici non di linea?,"a) vengono effettuati a  richiesta in modo non  continuativo o periodico, su  itinerari e secondo orari  stabiliti di volta in volta","b) vengono effettuati in  modo continuativo o  periodico, su itinerari e orari  fissi",c) vengono effettuati solo su  richiesta della Prefettura in  caso di grave calamità o per  ragioni di pubblica utilità,2,1,a
Quale tra questi veicoli non può essere adibito a  servizio pubblico non di linea ai sensi della legge  15 gennaio 1992 n° 21?,a) motocarrozzetta,b) veicolo a trazione animale,c) autoambulanza,2,1,c
La legge 15 gennaio 1992 n. 21 è:,a) la legge quadro per il  trasporto di persone  mediante autoservizi  pubblici non di linea,b) la legge quadro sui   trasporti pubblici locali di  linea,c) la legge che riguarda  interventi in materia di  opere pubbliche,2,1,a
Dove sosta il taxi per svolgere il servizio?,a) in una autorimessa  situata nel Comune che ha  rilasciato la licenza,b) in luogo pubblico,c) esclusivamente su  marciapiedi appositamente  attrezzati,2,1,b
La prestazione del servizio taxi all'interno delle  aree comunali è obbligatoria?,a) si,b) no,c) solo in caso di pubblica  necessità,2,1,a
In quale caso può essere trasferita l'autorizzazione  per l'esercizio del servizio di noleggio con  conducente?,a) quando siano trascorsi 5  anni di titolarità,b) quando si è fratelli del  titolare defunto,c) sempre,2,1,a
Con quali procedure il Comune concede le licenze  per servizio taxi e  l'autorizzazione per il servizio di  noleggio con conducente?,a) in base all'ordine  cronologico di  presentazione delle  domande degli interessati,b) attraverso bando di  pubblico concorso,c) per sorteggio fra tutti i  richiedenti aventi diritto,2,1,b
Al titolare di licenza di taxi che abbia trasferito ad  altri tale titolo può essere attribuita una nuova  licenza per concorso pubblico:,a) no,b) si dopo cinque anni dal  trasferimento,c) si dopo sette anni dal  trasferimento,2,1,b
Il termine entro il quale i Comuni devono rendere  conformi i regolamenti comunali alle norme della  Legge 15 gennaio 1992 n. 21 è di:,a) diciotto mesi dalla  nomina dei sindaci,b) due anni dall'entrata in  vigore della Legge 15  gennaio 1992 n. 21,c) dodici mesi dalla  convocazione dei comizi  elettorali,2,1,b
"In relazione a quanto previsto dall'art. 24 della LR  6/2012,  chi disciplina, con regolamento, la  programmazione e l'esercizio del trasporto di  persone mediante servizi pubblici non di linea?","a) l'Università degli Studi di  Milano, su incarico della  Giunta Regionale",b) la Regione Lombardia,c) la Commissione  Provinciale per la  formulazione dei ruoli,2,2,b
"Ai sensi dell'art. 26 della LR 6/2012, a chi compete  valutare la regolarità delle domande presentate  per l'iscrizione al ruolo dei conducenti?",a) al Sindaco,b) alla commissione tecnica  provinciale,c) alla Giunta Regionale,2,2,b
"L'iscrizione al ruolo dei conducenti, di cui all'art. 25  della Legge Regionale 6/2012, è requisito  indispensabile per:",a) il rilascio della licenza per  l'esercizio del servizio taxi e  dell'autorizzazione per  l'esercizio del servizio  noleggio con conducente,b) l'abilitazione alla guida dei  motocicli,c) espletare l'attività di  responsabile di agenzia  turistica,2,2,a
Quanto tempo vale la Licenza e l'autorizzazione?,a) fino a quattro anni,b) è valida fino alla revoca o  decadenza pronunciata nei  casi di legge o regolamento,c) fino al trasferimento,2,2,b
"Ai sensi dell'art. 27 della LR 6/2012, la Regione  concede contributi in conto capitale a titolari di  licenze di taxi, singoli o associati, per:",a) incentivare l'uso dei taxi,b) sostenere il settore del  trasporto pubblico non di  linea,c) favorire il miglioramento  della qualità ambientale e  della sicurezza,2,2,c
E' possibile esercitare il servizio taxi mediante  natanti?,a) no,b) sì,"c) solo nel caso in cui il  natante sia adibito al  trasporto di meno di 6 unità,  conducente compreso",2,2,b
La predisposizione dei regolamenti sull'esercizio  dei servizi pubblici non di linea compete:,a) alle Regioni,b) alle Province,c) ai Comuni,2,2,c
"Il contingentamento delle licenze e autorizzazioni  che i singoli comuni possono rilasciare è  determinato, ai sensi dell'art. 24 della Legge  Regionale 6/2012:",a) dal Presidente del  Consiglio Regionale,b) dal Consiglio Regionale  della Lombardia sentite le  Province interessate,c) dalla Giunta Regionale  sentita apposita  Commissione Consultiva  istituita ai sensi dell'art. 4  della Legge 15 gennaio  1992 n. 21,2,2,c
Ai sensi della Legge Regionale 6/2012 il ruolo dei  conducenti di veicoli o natanti adibiti a servizi  pubblici non di linea è articolato nelle seguenti  sezioni:,"a) conducenti di autovetture,  di motocarrozzette, di  natanti, di veicoli a trazione  animale",b) conducenti di autobus di  linea,c) conducenti di taxi muniti  di radiotaxi,2,2,a
L'accertamento dell'iscrizione al ruolo provinciale  dei conducenti per il rilascio delle licenze e  autorizzazioni per l'esercizio del servizio pubblico  non di linea spetta ai sensi dell'art 25 della Legge  Regionale 6/2012:,a) alla Camera di  Commercio Industria  Artigianato e Agricoltura,b) all'Amministrazione  Comunale,c) alla Regione,2,2,b
Nel servizio di noleggio con conducente lo  stazionamento dei mezzi deve avvenire:,a) in qualsiasi luogo,b) all'interno delle rimesse o  presso i pontili di attracco,c) presso l'abitazione del  titolare della licenza,2,2,b
"L'iscrizione al ruolo dei conducenti, di cui all'art. 25  della Legge Regionale 6/2012, è requisito  indispensabile per:",a) l'abilitazione alla guida di  autobus di linea,b) il rilascio della licenza per  l'esercizio del servizio taxi e  dell'autorizzazione per  l'esercizio del servizio  noleggio con conducente,c) per espletare l'attività di  responsabile di agenzia di  viaggio,2,2,b
La sede del vettore del servizio di noleggio con  conducente e la rimessa devono essere situate:,a) esclusivamente nel  territorio regionale,b) esclusivamente nel  territorio del comune che ha  rilasciato l'autorizzazione,c) in qualsiasi luogo  pubblico,2,2,b
La sospensione della licenza per l'esercizio del  servizio taxi è disposta:,"a) dal Sindaco del Comune  che ha rilasciato la licenza,  sentita la commissione  consultiva comunale di cui  all'art. 4, comma 4, della  legge 21/1992",b) dal Presidente della  Regione,c) dal Presidente della  Provincia,2,2,a
La prova d'esame che sta sostenendo serve :,a) ad avere l'autorizzazione  alla guida di autobus in  servizio pubblico di linea,b) per l'iscrizione al ruolo dei  conducenti di veicoli o  natanti adibiti a servizi  pubblici non di linea,c) per essere assunto  presso la Camera di  Commercio Industria e  Artigianato,2,2,b
La Legge Regionale del 4 aprile 2012 n. 6  disciplina:,a) il servizio di noleggio  mediante autoambulanza,b) il servizio di radiotaxi,c) il trasporto di persone  mediante servizio taxi e  noleggio con conducente,2,2,c
Il servizio taxi può essere esercitato con l'utilizzo di  natanti?,a) si,b) no,c) solo nel caso in cui il  natante sia già in possesso  di autorizzazione per il  servizio di noleggio con  conducente,2,2,a
"L'avvenuta irrogazione di tre provvedimenti  sanzionatori per violazione delle disposizioni di cui  all'art. 24 lcomma 4 della Legge Regionale 6/2012   nell'arco di un quinquennio, comportano:",a) il ritiro della patente,b) la cancellazione dal ruolo  dei conducenti,c) la decadenza della  licenza per l'esercizio del  servizio taxi,2,2,c
"Il contingentamento delle licenze e autorizzazioni  che i singoli comuni possono rilasciare è  determinato, ai sensi dell'art. 24 della Legge  Regionale 6/2012:",a) dal Consiglio Regionale  della Lombardia sentiti i  Comuni interessati,b) dalla Giunta Regionale  sentita apposita  Commissione Consultiva  istituita ai sensi dell'art. 4  della Legge 15 gennaio 1992  n. 21,c) dal Presidente della  Giunta Regionale sentito il  parere della Commissione  Consiliare,2,2,b
Ai sensi della Legge Regionale 6/2012 il ruolo dei  conducenti di veicoli o natanti adibiti a servizi  pubblici non di linea è articolato nelle seguenti  sezioni:,a) conducenti di autovetture  e autoambulanze,"b) conducenti di autovetture,  di motocarrozzette, di  natanti, di veicoli a trazione  animale",c) conducenti di taxi e di  autovetture da noleggio,2,2,b
L'accertamento dell'iscrizione al ruolo provinciale  dei conducenti per il rilascio delle licenze e  autorizzazioni per l'esercizio del servizio pubblico  non di linea spetta ai sensi dell'art. 25 della Legge  Regionale 6/2012:,a) al Comune,b) alla Regione,c) alla Provincia,2,2,a
"Il possesso del certificato di abilitazione  professionale di cui al D.L. 285/92 è requisito  indispensabile, ai sensi della Legge Regionale  6/2012, per l'iscrizione:",a) al Ruolo provinciale dei  conducenti,"b) al Ruolo provinciale dei  conducenti, sezione  conducenti di natanti",c) all'apposita lista  comunale dei conducenti di  autovetture in attesa di  assegnazione di licenza,2,2,a
Per prestare l'attività di conducente di veicoli adibiti  a servizio pubblico non di linea é indispensabile il  possesso del requisito di professionalità?,a) sempre,b) solo se non si é  dipendenti,c) solo in mancanza di titolo  di studio idoneo,2,2,a
"Sono requisiti indispensabili per l'iscrizione a  Ruolo, ai sensi della Legge Regionale 6/2012:",a) l'assolvimento  dell'obbligo scolastico e il  possesso del CAP o della  patente nautica,b) l'assolvimento dell'obbligo  scolastico e il possesso di  idonea licenza rilasciata  dalla Regione Lombardia,c) il possesso della patente  D e del CAP,2,2,a
"Per prestare l'attività di conducente di veicoli adibiti  a servizio pubblico, non di linea è indispensabile  l'iscrizione a ruolo?",a) sempre,b) solo in caso di mancanza  del CAP,c) solo se non si è  dipendenti,2,2,a
La Commisssione Tecnica Provinciale per la  formulazione e la conservazione dei Ruoli dei  conducenti di cui all'art. 26 della Legge Regionale  6/2012 dura in carica:,a) due anni,b) cinque anni,c) quattro anni,2,2,c
"L'attestato comprovante l'importo della corsa,  relativamente al servizio taxi va rilasciato al  cliente:",a) obbligatoriamente,b) a richiesta,"c) obbligatoriamente solo in  caso di importo superiore a   €25,82",2,2,b
"L'art. 14 ""disposizioni particolari""  della Legge 15  gennaio 1992 n. 21 regolamenta tra l'altro:",a) le sanzioni amministrative  per l'inosservanza delle  tariffe del servizio taxi,b) l'accessibilità per i servizi  taxi e autonoleggio a tutti i  soggetti portatori di handicap,c) l'accesso al carico negli  scali aeroportuali,2,1,b
"Il titolare di licenza taxi può essere sostituito, ai  sensi dell'art. 10 della Legge 15 gennaio 1992 n.  21, per motivi di salute o inabilità temporanea:",a) da altro titolare di licenza  taxi di altro comune,b) da persone iscritte nel  ruolo di cui all'art. 6 della  Legge 15 gennaio 1992 n.  21,c) da persone designate dal  Prefetto,2,1,b
"Le autovetture adibite al servizio di noleggio con  conducente, secondo l'art. 12 comma 5° della  Legge 15 gennaio 1992 n. 21, portano, tra l'altro,  una targa:","a) inamovibile anteriore con  la dicitura ""N""","b) adesiva posteriore con la  dicitura ""NC""","c) posteriore inamovibile  recante la dicitura ""NCC""",2,1,c
"Ai sensi dell'art. 9 della Legge 15 gennaio 1992 n.  21, la licenza per l'esercizio del servizio taxi e  l'autorizzazione del servizio di autonoleggio con  conducente, sono trasferite su richiesta del  titolare, a persona dallo stesso designata, iscritta  al ruolo ed in possesso dei requisiti prescritti,  purché il titolare abbia, tra l'altro:",a) raggiunto il sessantesimo  anno d'età,b) raggiunto il  sessantacinquesimo anno  d'età,c) raggiunto il sessantesimo  anno d'età o almeno  trentacinque anni  d'esercizio dell'attività,2,1,a
"Entro quanto tempo, dall'entrata in vigore della  Legge 15 gennaio 1992 n. 21, i regolamenti  comunali per il servizio taxi e noleggio con  conducente sono resi conformi alla legge stessa in  base al secondo comma dell'art. 15 della  medesima legge?",a) entro un anno,b) entro tre anni,c) entro due anni,2,1,c
"I titolari di licenza taxi e di autorizzazione di  autonoleggio con conducente, al fine del libero  esercizio della propria attività, ai sensi dell'art. 7  della Legge 15 gennaio 1992 n. 21, possono:",a) associarsi in consorzio  tra imprese artigiane e in  tutte le altre forme previste  dalla legge,b) essere imprenditori privati  per svolgere esclusivamente  l'esercizio di taxi in due o più  comuni,c) essere imprenditori  pubblici,2,1,a
"La prestazione del servizio di noleggio con  conducente, come stabilito dall'art. 13 della Legge  15 gennaio 1992 n. 21, è:",a) obbligatoria,b) tassativa solo se richiesta  per motivi di estrema  necessità,c) non obbligatoria,2,1,c
"Ai sensi dell'art. 24 comma 1° della L.R 6/2012 ,  chi aggiorna i contingenti delle licenze taxi e le  autorizzazioni di autonoleggio con conducente  relative a ciascun bacino di traffico, in relazione al  mutamento di mobilità rilevato dal competente  organo",a) le aree metropolitane  competenti su segnalazione  dei singoli Comuni  interessati,b) il Commissario di  Governo per la Regione  Lombardia,c) la Giunta Regionale,2,2,c
L'iscrizione al ruolo provinciale per prestare  l'attività di conducente di veicoli o natanti adibiti a  servizi pubblici non di linea in qualità di sostituto  del titolare o dipendente dell'impresa é:,a) facoltativa,b) obbligatoria,c) necessaria se si esercita  l'attività per almeno 1 anno,2,2,b
La legge regionale 4 aprile 2012 n. 6 é:,a) la legge che disciplina il  settore dei trasporti in  Lombaria,b) la legge  per il trasporto di  persone mediante  autoservizi pubblici non di  linea,c) la legge che riguarda  interventi in materia di  opere pubbliche,2,2,a
"Ai sensi della legge regionale 6/2012, sono iscritti  nel ruolo dei conducenti:",a) i dipendenti d'impresa di  noleggio con conducente,b) coloro che sono in  possesso dei requisiti di  idoneità e professionalità di  cui all'art. 25 della LR 6/2012,"c)i titolari di licenza taxi e di  autorizzazione per il servizio  di noleggio, alla data di  entrata in vigore della legge  n. 21/1992",2,2,b
"La vigente Legge Regionale 4 aprile 2012 n. 6  ""Disciplina del settore dei trasporti"" è pubblicata:",a) sul BURL (Bollettino  Ufficiale della Regione  Lombardia),b) sui quotidiani locali della  Lombardia,c) sui principali quotidiani  economici nazionali,2,2,a
Quando è pronunciata la revoca delle licenze e  autorizzazioni?,a) qualora cessino i motivi di  opportunità o  sopravvengano gravi motivi  di interesse pubblico,b) per interruzione del  servizio per oltre 90 gg.,c) in caso di negligenza nel  prestare servizio,2,2,a
"Ai sensi dell'art. 26 della Legge Regionale 6/2012  comma 1° la  commissione tecnica provinciale  per  la formazione e la conservazione dei ruoli, è   composta, tra gli altri, da:",a) un rappresentante  designato dal  Compartimento della Polizia  Stradale della Lombardia,b) un rappresentante  designato dall'Arma dei  Carabinieri,c) un rappresentante  designato dalla Guardia di  Finanza,2,2,a
Quale organo istituzionale stabilisce le tariffe per il  servizio di taxi?,a) il Sindaco,b) la Giunta Municipale con  decreto,c) il Consiglio Comunale  con proprio atto deliberativo,2,3,c
Quali requisiti tecnici devono possedere le  autovetture munite di impianto radio-taxi?,a) impianti ed apparecchi  omologati e frequenze  assegnate a norma di legge,b) un apparecchio  elettromagnetico rilevatore di  frequenze,c) il cellulare collegato al  tassametro,2,3,a
A chi può essere consentito l'esercizio del servizio  con radiotaxi?,a) a dipendenti comunali,b) a soggetti associativi che  ne facciano richiesta,c) a singoli taxisti,2,3,b
Qual'è l'Ente Pubblico preposto alla tenuta e  conservazione del ruolo dei conducenti di veicoli o  natanti adibiti ad autoservizi pubblici non di linea?,a) Camera di Commercio,b) Dipartimento Trasporti  Terrestri,c) Provincia,2,3,a
Qual'è l'Ente Pubblico preposto al rilascio  dell'idoneità per l'iscrizione al ruolo dei conducenti  di veicoli o natanti adibiti ad autoservizi pubblici  non di linea?,a) Comune,b) Regione,c) Provincia,2,3,c
Quale requisito non risponde ad idoneità morale?,a) aver riportato condanne  irrevocabili per delitti non  colposi nella misura  superiore ai due anni,b) avere a carico  contravvenzioni non pagate,c) avere a carico sentenze  dichiarative di indegnità a  succedere,2,3,a
I tassisti legittimati a svolgere il servizio di taxi  presso gli aeroporti sono tenuti ad applicare le  tariffe:,a) determinate dal Comune  di appartenenza,b) determinate dalla Giunta  Regionale,c) contrattate direttamente  con l'utente,2,3,b
Di quale colore devono essere gli autoveicoli  adibiti al servizio taxi?,a) giallo,b) qualsiasi,c) bianco,2,3,c
Quale requisito non risponde ad idoneità  professionale?,a) non avere il C.A.P.,b) non avere l'autovettura da  adibire al servizio,c) non avere la patente di  guida,2,3,a
La Commssione Tecnica Provinciale per la  formulazione e la conservazione dei Rouli dei  conducenti é nominata:,a) con decreto del  Presidente della Regione,b) con decreto del Prefetto,c) con decreto del  Presidente della Provincia,2,3,c
Quale Ente pubblico regola la disciplina del  servizio taxi ed autonoleggio negli aeroporti  lombardi?,a) la Regione Lombardia,b) la Provincia di  competenza,c) il Consorzio tra i Comuni  sui quali ricade l'aeroporto,2,3,a
Tra i doveri prescritti per i conducenti di vetture da  piazza è previsto quello di:,a) effettuare il servizio di  trasporto di bambini non  accompagnati,"b) rilasciare ricevuta firmata  con i dati identificativi della  corsa, del conducente e del  cliente",c) tenere in ogni circostanza  un comportamento corretto  nei confronti di chiunque,3,1,c
"Al termine del servizio, il conducente della vettura  taxi deve:","a) aprire la portiera  dell'autovettura sul lato  scorrimento dei veicoli, ed  aiutare a scendere i  passeggeri",b) far prendere visione  all'utente del prezzo della  corsa e quindi azzerare il  tassametro,c) pretendere compensi  oltre al prezzo segnato sul  tassametro ed i supplementi  dovuti,3,1,b
L'attesa del servizio taxi avviene:,a) attraverso lo  stazionamento presso gli  alberghi scelti dal  conducente del veicolo ed  elencati sulla licenza,b) attraverso la sosta in  appositi posteggi istituiti  dall'Amministrazione  Comunale,c) attraverso lo  stazionamento in apposite  rimesse,3,1,b
L'attesa del servizio di noleggio avviene:,a) attraverso lo  stazionamento presso gli  alberghi scelti dal  conducente del veicolo ed  elencati sulla licenza:,b) attraverso la sosta in  appositi posteggi istituiti dall'  Amministrazione Comunale,c) attraverso lo  stazionamento in apposite  rimesse,3,1,c
I conducenti  di autoservizi pubblici non di linea  hanno l'obbligo:,a) di fumare in servizio,b) di vestire decorosamente,c) di allontanarsi dal veicolo  quando è in servizio,3,1,b
I conducenti  di autoservizi pubblici non di linea  hanno l'obbligo:,a) di essere provvisti di una  guida aggiornata delle vie e  piazze comprese nel  territorio comunale,b) di interrompere di propria  iniziativa il servizio quando si  venga richiesti per altro più  vantaggioso,c) di recapitare i bagagli  sulla soglia di casa  dell'utente,3,1,a
Ai conducenti degli autoservizi pubblici non di linea  è vietato:,a) dialogare con l'utente,"b) ammettere  sull'autovettura persone  estranee a quelle che hanno  richiesto il servizio, se non  con il consenso di queste  ultime",c) avvertire  immediatamente l'utente dei  supplementi di tariffa  applicabili,3,1,b
Ai conducenti degli autoservizi pubblici non di linea  è vietato:,"a) tenere sull'autovettura  persone, animali o cose che  non abbiano attinenza con il  servizio",b) tenere con gli utenti un  contegno corretto,c) seguire le indicazioni di  percorso fornite dall'utente,3,1,a
Ai conducenti degli autoservizi pubblici non di linea  è vietato:,"a) interrompere il turno di  servizio o la corsa,  eccettuati i casi di forza  maggiore",b) svolgere il servizio assistiti  da altro conducente,c) percorrere senza  autorizzazione dell'utente le  strade statali,3,1,a
"I conducenti di taxi, all'inizio della corsa hanno  l'obbligo di:",a) azionare il tassametro ed  assicurarsi che lo stesso  funzioni regolarmente,b) pulire accuratamente il  veicolo in ogni sua parte,c) richiamare l'attenzione  della vigilanza urbana per  verificare l'attendibilità  dell'utente,3,1,a
"I conducenti di taxi, all'inizio della corsa hanno  l'obbligo di:",a) misurare la pressione dei  pneumatici,b) avvertire immediatamente  l'utente dell'avvicinarsi della  destinazione,c) avvertire  immediatamente l'utente dei  supplementi di tariffa  applicabili,3,1,c
"I conducenti di taxi, all'inizio della corsa hanno  l'obbligo di:",a) segnalare  tempestivamente la svolta a  sinistra,b) aiutare a salire le persone  e caricare i bagagli di cui è  consentito il trasporto,c) azionare il segnalatore  acustico contestualmente  alla salita dell'utente,3,1,b
"I conducenti di taxi, durante l'effettuazione della  corsa, hanno l'obbligo di:",a) sospendere la corsa solo  per consumare il pasto,b) mettere a disposizione  dell'utente la stampa  quotidiana,c) mantenere in funzione il  tassametro e controllare il  suo regolare funzionamento,3,1,c
"I conducenti di taxi, durante l'effettuazione della  corsa, hanno l'obbligo di:",a) avvertire  immediatamente l'utente dei  supplementi di tariffa non  appena sorga il diritto di  applicarli,b) controllare la solvibilità  dell'utente,c) fermarsi a qualsiasi  richiesta di servizio sino  all'esaurimento dei posti  disponibili,3,1,a
"I conducenti di taxi, durante l'effettuazione della  corsa, hanno l'obbligo di:",a) rimuovere i contrassegni  comunali di turno,b) far constatare all'utente il  limite del cambio di tariffa  per i percorsi extra urbani,c) informare l'utente sui  tempi di percorrenza,3,1,b
"I conducenti di taxi, al termine della corsa, hanno  l'obbligo di:",a) ultimare la corsa anche  se nel frattempo è scaduto il  turno,b) prevedere l'importo  definitivo e contrattare con  l'utente il corrispettivo,c) concordare e  programmare con l'utente  più viaggi o percorsi,3,1,a
"I conducenti di taxi, al termine della corsa, hanno  l'obbligo di:",a) verificare la consistenza  del bagaglio,b) pretendere il pagamento  anticipato della corsa  successiva,"c) far prendere visione  all'utente del prezzo della  corsa e, quindi, azzerare il  tassametro",3,1,c
"I conducenti di taxi, al termine della corsa, hanno  l'obbligo di:","a) recapitare ad altro  indirizzo il bagaglio  dell'utente, con pagamento  anticipato della corsa",b) accertare che l'utente non  abbia smarrito alcun oggetto  all'interno dell'autovettura,c) appropriarsi di qualsiasi  oggetto smarrito all'interno  dell'autovettura,3,1,b
Tra i doveri prescritti per i conducenti di vetture da  piazza è previsto:,a) effettuare il servizio di  trasporto di bambini non  accompagnati,b) rilasciare ricevuta firmata  con i dati identificativi della  corsa e del conducente,c) tenere un  comportamento corretto nei  confronti dei passeggeri  trasportati,3,2,c
Tra i doveri prescritti per i conducenti di vetture da  piazza è previsto:,a) sospendere  immediatamente il servizio  in caso di guasto al veicolo,"b) nel caso di rinvenimento  di qualsiasi oggetto smarrito,  aprire una ricerca per  riconsegnare l'oggetto al  legittimo proprietario",c) interrompere di propria  iniziativa il servizio quando  si venga richiesti per altro  più vantaggioso,3,2,a
I conducenti di vetture taxi non possono:,a) pretendere compensi  oltre il prezzo segnato sul  tassametro ed i supplementi  dovuti,b) sostare in attesa dei  clienti nei posteggi taxi,c) vestire con decoro,3,2,a
"Al termine del servizio, il conducente della vettura  taxi deve:","a) aprire la portiera  dell'autovettura, sul lato  scorrimento dei veicoli, ed  aiutare a scendere i  passeggeri",b) far prendere visione  all'utente del prezzo della  corsa e quindi azzerare il  tassametro,c) pretendere compensi  oltre al prezzo segnato sul  tassametro ed i supplementi  dovuti,3,2,b
L'attesa del servizio taxi avviene:,a) attraverso lo  stazionamento presso gli  alberghi scelti dal  conducente del veicolo ed  elencati sulla licenza,b) attraverso la sosta in  appositi posteggi assegnati,c) attraverso lo  stazionamento in apposite  rimesse,3,2,b
Ai conducenti dei servizi taxi e/o autonoleggio è  vietato:,a) accettare utenti tra i  passeggeri in attesa presso  la stazione,b) chiedere il pagamento  dell'importo del servizio  prestato,c) adibire il veicolo a servizi  su itinerari fissi con orari e  tariffe prestabilite,3,2,c
I conducenti di autovetture da piazza hanno  l'obbligo:,a) di fumare in servizio,"b) di rilasciare, a richiesta  del cliente, una ricevuta  attestante l'importo della  corsa",c) di allontanarsi dal veicolo  quando è in servizio,3,2,b
Ai conducenti dei taxi e delle vetture da noleggio è  vietato:,a) dialogare con l'utente,b) ammettere  sull'autovettura persone  estranee a quelle che hanno  richiesto il servizio,c) avvertire  immediatamente l'utente dei  supplementi di tariffa  applicabili,3,2,b
Ai conducenti degli autoservizi pubblici non di linea  è vietato:,a) tenere sull'autovettura  cani propri,b) tenere con gli utenti un  contegno corretto,c) seguire le indicazioni di  percorso fornite dall'utente,3,2,a
Ai conducenti delle autopubbliche è vietato:,a) controllare il regolare  funzionamento del  tassametro e/o del  contachilometri,b) verificare con attenzione i  consumi di carburante al fine  di limitare i danni ecologici  indotti,c) adibire l'autovettura alla  vendita od al trasporto di  masserizie ingombranti,3,2,c
Ai conducenti delle autopubbliche è vietato:,a) interrompere  spontaneamente il turno di  servizio o la corsa eccettuati  i casi di forza maggiore,b) sostituire la ruota in caso  di foratura,c) percorrere senza  autorizzazione dell'utente le  strade statali,3,2,a
"I conducenti di taxi, all'inizio della corsa hanno  l'obbligo di:",a) azionare il tassametro ed  assicurarsi che lo stesso  funzioni regolarmente,b) pulire accuratamente il  veicolo in ogni sua parte,c) richiamare l'attenzione  della vigilanza urbana per  verificare l'attendibilità  dell'utente,3,2,a
I conducenti di taxi hanno l'obbligo di:,a) misurare la pressione dei  pneumatici prima di ogni  servizio,b) avvertire immediatamente  l'utente dell'avvicinarsi della  destinazione,c) avere a bordo del veicolo  la licenza comunale ed i  documenti di circolazione,3,2,c
"I conducenti di taxi, all'inizio della corsa hanno  l'obbligo di:",a) segnalare  tempestivamente la svolta a  sinistra,b) caricare i bagagli di cui è  consentito il trasporto senza  deteriorare il veicolo,c) azionare il segnalatore  acustico contestualmente  alla salita dell'utente,3,2,b
I conducenti di taxi hanno l'obbligo di:,a) sospendere la corsa solo  per consumare il pasto,b) mettere a disposizione  dell'utente la stampa  quotidiana,"c) applicare il cartello di  ""fuori servizio"" al termine di  ciascun turno e quando la  vettura è usata per scopi  familiari",3,2,c
"I conducenti di taxi, durante l'effettuazione della  corsa, hanno il divieto di:",a) mangiare e tenere la  radio ad alto volume,"b) mangiare e fumare, se  tale divieto è imposto  dall'utente",c) dialogare con l'utente,3,2,a
"I conducenti di taxi, durante l'effettuazione della  corsa, hanno l'obbligo di:","a) prodigarsi per portare a  destinazione l'utente, anche  se il veicolo si guasta",b) prevedere l'importo  definitivo e contrattare con  l'utente il corrispettivo,c) concordare e  programmare in accordo  con l'utente più viaggi o  percorsi,3,2,a
"I conducenti di taxi, durante il servizio, hanno  l'obbligo di:",a) verificare la consistenza  del bagaglio,b) pretendere il pagamento  anticipato della corsa  successiva,c) essere sempre muniti di  una congrua quantità di  moneta spicciola per essere  in grado di corrispondere al  cliente il resto,3,2,c
I conducenti di taxi hanno l'obbligo di:,a) disimpegnare il servizio  con ogni decoro,b) acquisire un'altra corsa  attraverso l'utilizzo del  telefono cellulare,c) perquisire con attenzione  i bagagli,3,2,a
"I conducenti di taxi, al termine della corsa, hanno  l'obbligo di:","a) recapitare ad altro  indirizzo il bagaglio  dell'utente, con pagamento  della corsa anticipato",b) accertare che l'utente non  abbia smarrito alcun oggetto  all'interno dell'autovettura,c) appropriarsi di qualsiasi  oggetto smarrito all'interno  dell'autovettura,3,2,b
Tra i doveri prescritti per i conducenti di vetture da  piazza è previsto:,a) effettuare il servizio di  trasporto di bambini non  accompagnati,b) rilasciare ricevuta firmata  con i dati identificativi della  corsa e del conducente,c) tenere sempre un  contegno corretto sia con il  pubblico che con i colleghi,3,3,c
Tra i doveri prescritti per i conducenti di vetture da  piazza:,"a) compiere il percorso più  breve per raggiungere la  destinazione richiesta e,  comnunque, il percorso  indicato dall'utente","b) nel caso di rinvenimento  di qualsiasi oggetto smarrito,  aprire una ricerca per  riconsegnare l'oggetto al  legittimo proprietario",c) interrompere di propria  iniziativa il servizio quando  si venga richiesti per altro  più vantaggioso,3,3,a
I conducenti di vetture taxi non possono:,a) pretendere compensi  oltre il prezzo segnato sul  tassametro ed i supplementi  dovuti,b) sostare in attesa dei  clienti nei posteggi taxi,c) vestire decorosamente,3,3,a
Ai conducenti dei taxi è vietato:,"a) accettare il pagamento di  supplementi oltre il prezzo  della corsa, quando sono  dovuti",b) fare servizio senza avere  azionato il tassametro,c) interrompere il lavoro a  fine turno di servizio,3,3,b
Al conducente taxi in servizio è vietato:,a) accettare utenti tra i  passeggeri in attesa presso  la stazione,b) chiedere l'importo  segnato dal tassametro a  fine corsa,c) allontanarsi  dall'autoveicolo in sosta in  attesa di passeggeri,3,3,c
I conducenti di autovetture da piazza hanno  l'obbligo:,a) di essere provvisti di una  guida aggiornata delle vie e  piazze comprese nel  territorio comunale,b) interrompere di propria  iniziativa il servizio quando si  venga richiesti per altro più  vantaggioso,c) recapitare i bagagli sulla  soglia di casa dell'utente,3,3,a
Ai conducenti dei taxi è vietato:,a) dialogare con l'utente,b) ammettere  sull'autovettura persone  estranee a quelle che hanno  richiesto il servizio,c) avvertire  immediatamente l'utente dei  supplementi di tariffa  applicabili,3,3,b
Ai conducenti degli autoservizi pubblici non di linea  è vietato:,a) tenere sull'autovettura  persone cani di proprietà del  conducente,b) tenere con gli utenti un  contegno corretto,c) seguire le indicazioni di  percorso fornite dall'utente,3,3,a
Ai conducenti delle autopubbliche è vietato:,a) controllare il regolare  funzionamento del  tassametro e/o del  contachilometri,b) verificare con attenzione i  consumi di carburante al fine  di limitare i danni ecologici  indotti,c) adibire l'autovettura alla  vendita ambulante di merci,3,3,c
Ai conducenti delle autopubbliche è vietato:,a) interrompere  spontaneamente il turno di  servizio o la corsa eccettuati  i casi di forza maggiore,b) sostituire la ruota in caso  di foratura,c) percorrere senza  autorizzazione dell'utente le  strade statali,3,3,a
"I conducenti di taxi, all'inizio della corsa hanno  l'obbligo di:",a) azionare il tassametro ed  assicurarsi che lo stesso  funzioni regolarmente,b) pulire accuratamente il  veicolo in ogni sua parte,c) richiamare l'attenzione  della vigilanza urbana per  verificare l'attendibilità  dell'utente,3,3,a
I conducenti di taxi hanno l'obbligo di:,a) misurare la pressione dei  pneumatici prima di ogni  servizio,b) avvertire immediatamente  l'utente dell'avvicinarsi della  destinazione,c) avere a bordo del veicolo  la licenza counale ed i  documenti di circolazione,3,3,c
"I conducenti di taxi, durante l'effettuazione della  corsa, hanno il divieto di:",a) mangiare e fumare,"b) mangiare e fumare, se  tale divieto è imposto  dall'utente",c) dialogare con l'utente,3,3,a
"I conducenti di taxi, durante l'effettuazione della  corsa, hanno il divieto di:",a) seguire le indicazioni di  percorso fornite dall'utente,b) fare schiamazzi ed  azionare continuamente i  dispositivi acustici di  segnalazione,c) fermarsi con il semaforo  che proietta luce rossa,3,3,b
"I conducenti di taxi, al termine della corsa, hanno  l'obbligo di:","a) recapitare ad altro  indirizzo il bagaglio  dell'utente, con pagamento  della corsa anticipato",b) accertare che l'utente non  abbia smarrito alcun oggetto  all'interno dell'autovettura,c) appropriarsi di qualsiasi  oggetto smarrito all'interno  dell'autovettura,3,3,b
Tra i doveri prescritti per i conducenti di vetture da  piazza è previsto:,a) effettuare il servizio di  trasporto di bambini non  accompagnati,b) rilasciare ricevuta firmata  con i dati identificativi della  corsa e del conducente,c) tenere un  comportamento corretto e  cortese nei confronti dei  passeggeri trasportati,3,4,c
Tra i doveri prescritti per i conducenti di vetture da  piazza è previsto:,a) sospendere  immediatamente il servizio  in caso di guasto al  tassametro,"b) nel caso di rinvenimento  di qualsiasi oggetto smarrito,  aprire una ricerca per  riconsegnare l'oggetto al  legittimo proprietario",c) interrompere di propria  iniziativa il servizio quando  si venga richiesti per altro  più vantaggioso,3,4,a
"Al termine del servizio, il conducente della vettura  taxi deve:","a) aprire la portiera  dell'autovettura, sul lato  scorrimento dei veicoli, ed  aiutare a scendere i  passeggeri",b) far prendere visione  all'utente del prezzo della  corsa e quindi azzerare il  tassametro,c) pretendere compensi  oltre al prezzo segnato sul  tassametro ed i supplementi  dovuti,3,4,b
L'attesa del servizio taxi avviene:,a) attraverso lo  stazionamento presso gli  alberghi scelti dal  conducente del veicolo ed  elencati sulla licenza,b) attraverso la sosta in  appositi posteggi assegnati  dall'Amministrazione  Comunale,c) attraverso lo  stazionamento in apposite  rimesse,3,4,b
I conducenti  di autovetture da piazza hanno  l'obbligo:,a) di fumare in servizio,b) di vestire decorosamente,c) di allontanarsi dal veicolo  quando è in servizio,3,4,b
I conducenti  di autovetture da piazza hanno  l'obbligo:,a) di essere provvisti di una  guida aggiornata delle vie e  piazze comprese nel  territorio comunale,b) interrompere di propria  iniziativa il servizio quando si  venga richiesti per altro più  vantaggioso,c) recapitare i bagagli sulla  soglia di casa dell'utente,3,4,a
Ai conducenti dei taxi è vietato:,a) dialogare con l'utente,"b) ammettere  sull'autovettura persone  estranee a quelle che hanno  richiesto il servizio, se non  con il consenso di queste  ultime",c) avvertire  immediatamente l'utente dei  supplementi di tariffa  applicabili,3,4,b
Ai conducenti degli autoservizi pubblici non di linea  è vietato:,"a) tenere sull'autovettura  persone, animali o cose che  non abbiano attinenza con il  servizio",b) tenere con gli utenti un  contegno corretto,c) seguire le indicazioni di  percorso fornite dall'utente,3,4,a
Ai conducenti delle autopubbliche è vietato:,a) controllare il regolare  funzionamento del  tassametro e/o del  contachilometri,b) verificare con attenzione i  consumi di carburante al fine  di limitare i danni ecologici  indotti,c) adibire l'autovettura alla  vendita od al trasporto di  masserizie ingombranti,3,4,c
Ai conducenti delle autopubbliche è vietato:,a) interrompere  spontaneamente il turno di  servizio o la corsa eccettuati  i casi di forza maggiore,b) sostituire la ruota in caso  di foratura,c) percorrere senza  autorizzazione dell'utente le  strade statali,3,4,a
"I conducenti di taxi, all'inizio della corsa hanno  l'obbligo di:",a) azionare il tassametro ed  assicurarsi che lo stesso  funzioni regolarmente,b) pulire accuratamente il  veicolo in ogni sua parte,c) richiamare l'attenzione  della vigilanza urbana per  verificare l'attendibilità  dell'utente,3,4,a
I conducenti di taxi hanno l'obbligo di:,a) misurare la pressione dei  pneumatici prima di ogni  servizio,b) avvertire immediatamente  l'utente dell'avvicinarsi della  destinazione,c) avere a bordo del veicolo  la licenza comunale ed i  documenti di circolazione,3,4,c
I conducenti di taxi hanno l'obbligo di:,a) sospendere la corsa solo  per consumare il pasto,b) mettere a disposizione  dell'utente la stampa  quotidiana,"c) applicare il cartello di  ""fuori servizio"" al termine di  ciascun turno e quando la  vettura è usata per scopi  familiari",3,4,c
"I conducenti di taxi, durante l'effettuazione della  corsa, hanno il divieto di:",a) mangiare e fumare,"b) mangiare e fumare, se  tale divieto è imposto  dall'utente",c) dialogare con l'utente,3,4,a
"I conducenti di taxi, durante l'effettuazione della  corsa, hanno il divieto di:",a) seguire le indicazioni di  percorso fornite dall'utente,b) fare schiamazzi ed  azionare continuamente i  dispositivi acustici di  segnalazione,c) fermarsi con il semaforo  che proietta luce rossa,3,4,b
"I conducenti di taxi, durante l'effettuazione della  corsa, hanno l'obbligo di:","a) prodigarsi per portare a  destinazione l'utente, anche  se il veicolo si guasta",b) prevedere l'importo  definitivo e contrattare con  l'utente il corrispettivo,c) concordare e  programmare in accordo  con l'utente più viaggi o  percorsi,3,4,a
"I conducenti di taxi, al termine della corsa, hanno  l'obbligo di:",a) verificare la consistenza  del bagaglio,b) pretendere il pagamento  anticipato della corsa  successiva,"c) far prendere visione  all'utente del prezzo della  corsa e, quindi, azzerare il  tassametro",3,4,c
"I conducenti di taxi, al termine della corsa, hanno  l'obbligo di:",a) aiutare educatamente a  scendere le persone e  scaricare i bagagli,b) acquisire un'altra corsa  attraverso l'utilizzo del  telefono cellulare,c) perquisire con attenzione  i bagagli,3,4,a
"I conducenti di taxi, al termine della corsa, hanno  l'obbligo di:","a) recapitare ad altro  indirizzo il bagaglio  dell'utente, con pagamento  della corsa anticipato",b) accertare che l'utente non  abbia smarrito alcun oggetto  all'interno dell'autovettura,c) appropriarsi di qualsiasi  oggetto smarrito all'interno  dell'autovettura,3,4,b
Tra i doveri prescritti per i conducenti di vetture da  piazza è previsto:,a) effettuare il servizio di  trasporto di bambini non  accompagnati,b) rilasciare ricevuta firmata  con i dati identificativi della  corsa e del conducente,c) tenere un  comportamento corretto in  ogni circostanza,3,5,c
Tra i doveri prescritti per i conducenti di vetture da  piazza è previsto:,a) sospendere  immediatamente il servizio  in caso di guasto al veicolo  oppure quando il  tassametro non funziona  regolarmente,"b) nel caso di rinvenimento  di qualsiasi oggetto smarrito,  aprire una ricerca per  riconsegnare l'oggetto al  legittimo proprietario",c) interrompere di propria  iniziativa il servizio quando  si venga richiesti per altro  più vantaggioso,3,5,a
"Al termine del servizio, il conducente della vettura  taxi deve:","a) aprire la portiera  dell'autovettura, sul lato  scorrimento dei veicoli, ed  aiutare a scendere i  passeggeri",b) far prendere visione  all'utente del prezzo della  corsa e quindi azzerare il  tassametro,c) pretendere compensi  oltre al prezzo segnato sul  tassametro ed i supplementi  dovuti,3,5,b
L'attesa del servizio taxi avviene:,a) attraverso lo  stazionamento presso gli  alberghi scelti dal  conducente del veicolo ed  elencati sulla licenza,b) attraverso la sosta in  appositi posteggi assegnati,c) attraverso lo  stazionamento in apposite  rimesse,3,5,b
Ai conducenti dei servizi taxi e/o autonoleggio è  vietato:,a) accettare utenti tra i  passeggeri in attesa presso  la stazione,b) chiedere il pagamento  dell'importo del servizio  prestato,c) adibire il veicolo a servizi  su itinerari fissi con orari e  tariffe prestabilite,3,5,c
I conducenti di autovetture da piazza hanno  l'obbligo:,a) di fumare in servizio,"b) di rilasciare, a richiesta  del cliente, una ricevuta  attestante l'importo della  corsa",c) di allontanarsi dal veicolo  quando è in servizio,3,5,b
I conducenti di autovetture da piazza hanno  l'obbligo:,a) di essere provvisti di una  guida aggiornata delle vie e  piazze comprese nel  territorio comunale,b) interrompere di propria  iniziativa il servizio quando si  venga richiesti per altro più  vantaggioso,c) recapitare i bagagli sulla  soglia di casa dell'utente,3,5,a
Ai conducenti dei taxi e delle vetture da noleggio è  vietato:,a) dialogare con l'utente,b) ammettere  sull'autovettura persone  estranee a quelle che hanno  richiesto il servizio,c) avvertire  immediatamente l'utente dei  supplementi di tariffa  applicabili,3,5,b
Ai conducenti degli autoservizi pubblici non di linea  è vietato:,a) tenere sull'autovettura  cani propri,b) tenere con gli utenti un  contegno corretto,c) seguire le indicazioni di  percorso fornite dall'utente,3,5,a
Ai conducenti delle autopubbliche è vietato:,a) controllare il regolare  funzionamento del  tassametro e/o del  contachilometri,b) verificare con attenzione i  consumi di carburante al fine  di limitare i danni ecologici  indotti,c) adibire l'autovettura  all'esposizione o alla  vendita di merci,3,5,c
"I conducenti di taxi, all'inizio della corsa hanno  l'obbligo di:",a) azionare il tassametro ed  assicurarsi che lo stesso  funzioni regolarmente,b) pulire accuratamente il  veicolo in ogni sua parte,c) richiamare l'attenzione  della vigilanza urbana per  verificare l'attendibilità  dell'utente,3,5,a
I conducenti di taxi hanno l'obbligo di:,a) misurare la pressione dei  pneumatici prima di ogni  servizio,b) avvertire immediatamente  l'utente dell'avvicinarsi della  destinazione,c) avere a bordo del veicolo  la licenza comunale ed i  documenti di circolazione,3,5,c
"I conducenti di taxi, all'inizio della corsa hanno  l'obbligo di:",a) segnalare  tempestivamente la svolta a  sinistra,b) caricare i bagagli di cui è  consentito il trasporto senza  deteriorare il veicolo,c) azionare il segnalatore  acustico contestualmente  alla salita dell'utente,3,5,b
I conducenti di taxi hanno l'obbligo di:,a) sospendere la corsa solo  per consumare il pasto,b) mettere a disposizione  dell'utente la stampa  quotidiana,c) applicare il cartello di  fuori servizio al termine di  ciascun turno e quando la  vettura è usata per scopi  familiari,3,5,c
"I conducenti di taxi, durante l'effettuazione della  corsa, hanno il divieto di:",a) mangiare e tenere la  radio ad alto volume,"b) mangiare e fumare, se  tale divieto è imposto  dall'utente",c) dialogare con l'utente,3,5,a
"I conducenti di taxi, durante l'effettuazione della  corsa, hanno il divieto di:",a) seguire le indicazioni di  percorso fornite dall'utente,b) fare schiamazzi ed  azionare continuamente i  dispositivi acustici di  segnalazione,c) fermarsi con il semaforo  che proietta luce rossa,3,5,b
"I conducenti di taxi, durante l'effettuazione della  corsa, hanno l'obbligo di:","a) prodigarsi per portare a  destinazione l'utente, anche  se il veicolo si guasta",b) prevedere l'importo  definitivo e contrattare con  l'utente il corrispettivo,c) concordare e  programmare in accordo  con l'utente più viaggi o  percorsi,3,5,a
"I conducenti di taxi, durante il servizio, hanno  l'obbligo di:",a) verificare la consistenza  del bagaglio,b) pretendere il pagamento  anticipato della corsa  successiva,c) essere sempre muniti di  una congrua quantità di  moneta spicciola per essere  in grado di corrispondere al  cliente il resto,3,5,c
I conducenti di taxi hanno l'obbligo di:,a) disimpegnare il servizio  con ogni decoro,b) acquisire un'altra corsa  attraverso l'utilizzo del  telefono cellulare,c) perquisire con attenzione  i bagagli,3,5,a
Quale diritto spetta ai conducenti di autoveicoli  adibiti a turno di servizio?,a) invertire il senso di  marcia per prelevare utenza,b) usare corsie preferenziali,c) fermare l'autovettura alla  fermata degli autobus di  linea,3,5,b
